[
  {
    "id": "1",
    "fullName": "Полное Имя Фамильевич",
    "date": "08.12.12",
    "edit": "08.12.12",
    "contacts": [
      {
        "site": "site",
        "link": "#"
      }
    ]
  },
  {
    "id": "2",
    "fullName": "Полное Имя Фамильевич",
    "date": "08.12.12",
    "edit": "08.12.12",
    "contacts": [
      {
        "site": "site",
        "link": "#"
      }
    ]
  },
  {
    "id": "3",
    "fullName": "Полное Имя Фамильевич",
    "date": "08.12.12",
    "edit": "08.12.12",
    "contacts": [
      {
        "site": "site",
        "link": "#"
      }
    ]
  },
  {
    "id": "4",
    "fullName": "Полное Имя Фамильевич",
    "date": "08.12.12",
    "edit": "08.12.12",
    "contacts": [
      {
        "site": "site",
        "link": "#"
      }
    ]
  },
  {
    "id": "5",
    "fullName": "Полное Имя Фамильевич",
    "date": "08.12.12",
    "edit": "08.12.12",
    "contacts": [
      {
        "site": "site",
        "link": "#"
      }
    ]
  },
  {
    "id": "1",
    "fullName": "Полное Имя Фамильевич",
    "date": "08.12.12",
    "edit": "08.12.12",
    "contacts": [
      {
        "site": "site",
        "link": "#"
      }
    ]
  }
]
