[{"name":"Имя","surname":"Фамилиев","lastName":"Отчествович","contacts":[{"type":"number","value":"8321123"},{"type":"numberAdd","value":"89373233"},{"type":"mail","value":"a321ob@gmail.com"}],"editString":"18.11.2022","editTimeString":"14:03:12","id":"1668612656288","createString":"16.11.2022","createTimeString":"18:30:56","_searchID":"имяфамилевотчествович18112022140312","updatedAt":"1668769392952","createdAt":"1668612656288"},{"name":"Персон","surname":"Втораев","lastName":"","contacts":[{"type":"mail","value":"2ov@per.son"}],"editString":"20.11.2022","editTimeString":"16:16:33","id":"1668769435069","createString":"18.11.2022","createTimeString":"14:03:55","_searchID":"перонвтораев20112022161633","updatedAt":"1668950193972","createdAt":"1668769435069"},{"name":"Пуст","surname":"Контактов","lastName":"Сиэсэсович","contacts":[],"editString":"20.11.2022","editTimeString":"22:06:17","id":"1668769461823","createString":"18.11.2022","createTimeString":"14:04:21","_searchID":"пустконтактовсиэсэсович20112022220617","updatedAt":"1668971177292","createdAt":"1668769461823"},{"name":"Перегруз","surname":"Контактов","lastName":"Сиэсесович","contacts":[{"type":"number","value":"89373217993"},{"type":"numberAdd","value":"81435955985"},{"type":"mail","value":"a32@gmail.com"},{"type":"fb","value":"f3dsdg4"},{"type":"other","value":"fdabvrr"},{"type":"number","value":"341342"},{"type":"vk","value":"авыф"},{"type":"mail","value":"авыфавы"},{"type":"number","value":"а3вфваы"},{"type":"vk","value":"фывавыф"}],"editString":"20.11.2022","editTimeString":"22:06:51","id":"1668951176207","createString":"20.11.2022","createTimeString":"16:32:56","_searchID":"перегрузконтактовсиэсесович20112022220651","updatedAt":"1668971211198","createdAt":"1668951176207"},{"name":"Имён","surname":"Норманов","lastName":"Непридумович","contacts":[{"type":"vk","value":"выфыв"}],"editString":"20.11.2022","editTimeString":"22:08:13","id":"1668971285004","createString":"20.11.2022","createTimeString":"22:08:05","_searchID":"имннормановнепридумович20112022220813","updatedAt":"1668971293887","createdAt":"1668971285004"}]